Sim, Time step, Color, X, Y, Reward, Move, Color, X, Y, Reward, Move, 
1, 1, green, 1, 5, 0, Go, red, 5, 1, 0, Go, , 
1, 2, green, 2, 5, -2, Go, red, 5, 2, -2, Go, , 
1, 3, green, 3, 5, -4, Go, red, 5, 3, -4, Stop, , 
1, 4, green, 4, 5, -6, Go, red, 5, 3, -6, Stop, , 
1, 5, green, 5, 5, -8, Go, red, 5, 3, -8, Go, , 
1, 6, green, 6, 5, -10, Go, red, 5, 4, -10, Stop, , 
1, 7, green, 7, 5, -12, Go, red, 5, 4, -12, Go, , 
1, 8, green, 8, 5, -14, Go, red, 5, 5, -14, Go, , 
1, 9, green, 9, 5, -16, Exited, red, 5, 6, -16, Go, , 
1, 10, ,,,,, red, 5, 7, -18, Go, , 
1, 11, ,,,,, red, 5, 8, -20, Go, , 
1, 12, ,,,,, red, 5, 9, -22, Exited, , 


2, 1, green, 1, 5, 0, Go, red, 5, 1, 0, Go, , 
2, 2, green, 2, 5, -2, Go, red, 5, 2, -2, Go, , 
2, 3, green, 3, 5, -4, Go, red, 5, 3, -4, Stop, , 
2, 4, green, 4, 5, -6, Stop, red, 5, 3, -6, Stop, , 
2, 5, green, 4, 5, -8, Go, red, 5, 3, -8, Go, , 
2, 6, green, 5, 5, -10, Go, red, 5, 4, -10, Go, , 
2, 7, green, 6, 5, -12, Go, red, 5, 5, -12, Go, , 
2, 8, green, 7, 5, -14, Go, red, 5, 6, -14, Go, , 
2, 9, green, 8, 5, -16, Go, red, 5, 7, -16, Go, , 
2, 10, green, 9, 5, -18, Exited, red, 5, 8, -18, Go, , 
2, 11, ,,,,, red, 5, 9, -20, Exited, , 


3, 1, green, 1, 5, 0, Go, red, 5, 1, 0, Go, , 
3, 2, green, 2, 5, -2, Go, red, 5, 2, -2, Stop, , 
3, 3, green, 3, 5, -4, Go, red, 5, 2, -4, Stop, , 
3, 4, green, 4, 5, -6, Go, red, 5, 2, -6, Stop, , 
3, 5, green, 5, 5, -8, Go, red, 5, 2, -8, Go, , 
3, 6, green, 6, 5, -10, Go, red, 5, 3, -10, Go, , 
3, 7, green, 7, 5, -12, Go, red, 5, 4, -12, Go, , 
3, 8, green, 8, 5, -14, Go, red, 5, 5, -14, Go, , 
3, 9, green, 9, 5, -16, Exited, red, 5, 6, -16, Go, , 
3, 10, ,,,,, red, 5, 7, -18, Go, , 
3, 11, ,,,,, red, 5, 8, -20, Go, , 
3, 12, ,,,,, red, 5, 9, -22, Exited, , 


4, 1, green, 1, 5, 0, Go, red, 5, 1, 0, Go, , 
4, 2, green, 2, 5, -2, Go, red, 5, 2, -2, Go, , 
4, 3, green, 3, 5, -4, Go, red, 5, 3, -4, Go, , 
4, 4, green, 4, 5, -6, Stop, red, 5, 4, -6, Stop, , 
4, 5, green, 4, 5, -8, Stop, red, 5, 4, -8, Stop, , 
4, 6, green, 4, 5, -10, Stop, red, 5, 4, -10, Stop, , 
4, 7, green, 4, 5, -12, Stop, red, 5, 4, -12, Stop, , 
4, 8, green, 4, 5, -14, Stop, red, 5, 4, -14, Stop, , 
4, 9, green, 4, 5, -16, Go, red, 5, 4, -16, Stop, , 
4, 10, green, 5, 5, -18, Go, red, 5, 4, -18, Go, , 
4, 11, green, 6, 5, -20, Go, red, 5, 5, -20, Go, , 
4, 12, green, 7, 5, -22, Go, red, 5, 6, -22, Go, , 
4, 13, green, 8, 5, -24, Go, red, 5, 7, -24, Go, , 
4, 14, green, 9, 5, -26, Exited, red, 5, 8, -26, Go, , 
4, 15, ,,,,, red, 5, 9, -28, Exited, , 


5, 1, green, 1, 5, 0, Go, red, 5, 1, 0, Go, , 
5, 2, green, 2, 5, -2, Go, red, 5, 2, -2, Stop, , 
5, 3, green, 3, 5, -4, Go, red, 5, 2, -4, Stop, , 
5, 4, green, 4, 5, -6, Go, red, 5, 2, -6, Stop, , 
5, 5, green, 5, 5, -8, Go, red, 5, 2, -8, Go, , 
5, 6, green, 6, 5, -10, Go, red, 5, 3, -10, Go, , 
5, 7, green, 7, 5, -12, Go, red, 5, 4, -12, Go, , 
5, 8, green, 8, 5, -14, Go, red, 5, 5, -14, Go, , 
5, 9, green, 9, 5, -16, Exited, red, 5, 6, -16, Go, , 
5, 10, ,,,,, red, 5, 7, -18, Go, , 
5, 11, ,,,,, red, 5, 8, -20, Go, , 
5, 12, ,,,,, red, 5, 9, -22, Exited, , 


6, 1, green, 1, 5, 0, Go, red, 5, 1, 0, Go, , 
6, 2, green, 2, 5, -2, Go, red, 5, 2, -2, Go, , 
6, 3, green, 3, 5, -4, Go, red, 5, 3, -4, Go, , 
6, 4, green, 4, 5, -6, Stop, red, 5, 4, -6, Stop, , 
6, 5, green, 4, 5, -8, Stop, red, 5, 4, -8, Stop, , 
6, 6, green, 4, 5, -10, Stop, red, 5, 4, -10, Stop, , 
6, 7, green, 4, 5, -12, Stop, red, 5, 4, -12, Stop, , 
6, 8, green, 4, 5, -14, Stop, red, 5, 4, -14, Stop, , 
6, 9, green, 4, 5, -16, Stop, red, 5, 4, -16, Stop, , 
6, 10, green, 4, 5, -18, Stop, red, 5, 4, -18, Stop, , 
6, 11, green, 4, 5, -20, Stop, red, 5, 4, -20, Stop, , 
6, 12, green, 4, 5, -22, Stop, red, 5, 4, -22, Stop, , 
6, 13, green, 4, 5, -24, Stop, red, 5, 4, -24, Stop, , 
6, 14, green, 4, 5, -26, Go, red, 5, 4, -26, Go, , 
6, 15, green, 5, 5, -33, Crashed, red, 5, 5, -33, Crashed, , 



7, 1, green, 1, 5, 0, Go, red, 5, 1, 0, Go, , 
7, 2, green, 2, 5, -2, Go, red, 5, 2, -2, Go, , 
7, 3, green, 3, 5, -4, Go, red, 5, 3, -4, Stop, , 
7, 4, green, 4, 5, -6, Stop, red, 5, 3, -6, Go, , 
7, 5, green, 4, 5, -8, Stop, red, 5, 4, -8, Stop, , 
7, 6, green, 4, 5, -10, Stop, red, 5, 4, -10, Stop, , 
7, 7, green, 4, 5, -12, Stop, red, 5, 4, -12, Stop, , 
7, 8, green, 4, 5, -14, Go, red, 5, 4, -14, Stop, , 
7, 9, green, 5, 5, -16, Go, red, 5, 4, -16, Go, , 
7, 10, green, 6, 5, -18, Go, red, 5, 5, -18, Go, , 
7, 11, green, 7, 5, -20, Go, red, 5, 6, -20, Go, , 
7, 12, green, 8, 5, -22, Go, red, 5, 7, -22, Go, , 
7, 13, green, 9, 5, -24, Exited, red, 5, 8, -24, Go, , 
7, 14, ,,,,, red, 5, 9, -26, Exited, , 


8, 1, green, 1, 5, 0, Go, red, 5, 1, 0, Go, , 
8, 2, green, 2, 5, -2, Go, red, 5, 2, -2, Go, , 
8, 3, green, 3, 5, -4, Go, red, 5, 3, -4, Stop, , 
8, 4, green, 4, 5, -6, Stop, red, 5, 3, -6, Go, , 
8, 5, green, 4, 5, -8, Stop, red, 5, 4, -8, Stop, , 
8, 6, green, 4, 5, -10, Stop, red, 5, 4, -10, Stop, , 
8, 7, green, 4, 5, -12, Stop, red, 5, 4, -12, Stop, , 
8, 8, green, 4, 5, -14, Stop, red, 5, 4, -14, Stop, , 
8, 9, green, 4, 5, -16, Stop, red, 5, 4, -16, Stop, , 
8, 10, green, 4, 5, -18, Stop, red, 5, 4, -18, Stop, , 
8, 11, green, 4, 5, -20, Stop, red, 5, 4, -20, Stop, , 
8, 12, green, 4, 5, -22, Stop, red, 5, 4, -22, Stop, , 
8, 13, green, 4, 5, -24, Stop, red, 5, 4, -24, Stop, , 
8, 14, green, 4, 5, -26, Stop, red, 5, 4, -26, Stop, , 
8, 15, green, 4, 5, -28, Stop, red, 5, 4, -28, Go, , 
8, 16, green, 4, 5, -30, Stop, red, 5, 5, -30, Go, , 
8, 17, green, 4, 5, -32, Go, red, 5, 6, -32, Go, , 
8, 18, green, 5, 5, -34, Go, red, 5, 7, -34, Go, , 
8, 19, green, 6, 5, -36, Go, red, 5, 8, -36, Go, , 
8, 20, green, 7, 5, -38, Go, red, 5, 9, -38, Exited, , 
8, 21, green, 8, 5, -40, Exited, ,,,,, , 


9, 1, green, 1, 5, 0, Go, red, 5, 1, 0, Go, , 
9, 2, green, 2, 5, -2, Go, red, 5, 2, -2, Stop, , 
9, 3, green, 3, 5, -4, Go, red, 5, 2, -4, Go, , 
9, 4, green, 4, 5, -6, Stop, red, 5, 3, -6, Stop, , 
9, 5, green, 4, 5, -8, Stop, red, 5, 3, -8, Go, , 
9, 6, green, 4, 5, -10, Stop, red, 5, 4, -10, Stop, , 
9, 7, green, 4, 5, -12, Stop, red, 5, 4, -12, Stop, , 
9, 8, green, 4, 5, -14, Stop, red, 5, 4, -14, Stop, , 
9, 9, green, 4, 5, -16, Go, red, 5, 4, -16, Stop, , 
9, 10, green, 5, 5, -18, Go, red, 5, 4, -18, Go, , 
9, 11, green, 6, 5, -20, Go, red, 5, 5, -20, Go, , 
9, 12, green, 7, 5, -22, Go, red, 5, 6, -22, Go, , 
9, 13, green, 8, 5, -24, Go, red, 5, 7, -24, Go, , 
9, 14, green, 9, 5, -26, Exited, red, 5, 8, -26, Go, , 
9, 15, ,,,,, red, 5, 9, -28, Exited, , 


10, 1, green, 1, 5, 0, Go, red, 5, 1, 0, Go, , 
10, 2, green, 2, 5, -2, Go, red, 5, 2, -2, Go, , 
10, 3, green, 3, 5, -4, Go, red, 5, 3, -4, Go, , 
10, 4, green, 4, 5, -6, Stop, red, 5, 4, -6, Stop, , 
10, 5, green, 4, 5, -8, Stop, red, 5, 4, -8, Stop, , 
10, 6, green, 4, 5, -10, Stop, red, 5, 4, -10, Stop, , 
10, 7, green, 4, 5, -12, Stop, red, 5, 4, -12, Stop, , 
10, 8, green, 4, 5, -14, Stop, red, 5, 4, -14, Stop, , 
10, 9, green, 4, 5, -16, Stop, red, 5, 4, -16, Stop, , 
10, 10, green, 4, 5, -18, Stop, red, 5, 4, -18, Stop, , 
10, 11, green, 4, 5, -20, Stop, red, 5, 4, -20, Stop, , 
10, 12, green, 4, 5, -22, Stop, red, 5, 4, -22, Stop, , 
10, 13, green, 4, 5, -24, Stop, red, 5, 4, -24, Stop, , 
10, 14, green, 4, 5, -26, Stop, red, 5, 4, -26, Stop, , 
10, 15, green, 4, 5, -28, Stop, red, 5, 4, -28, Go, , 
10, 16, green, 4, 5, -30, Stop, red, 5, 5, -30, Go, , 
10, 17, green, 4, 5, -32, Go, red, 5, 6, -32, Go, , 
10, 18, green, 5, 5, -34, Go, red, 5, 7, -34, Go, , 
10, 19, green, 6, 5, -36, Go, red, 5, 8, -36, Go, , 
10, 20, green, 7, 5, -38, Go, red, 5, 9, -38, Exited, , 
10, 21, green, 8, 5, -40, Exited, ,,,,, , 


11, 1, green, 1, 5, 0, Go, red, 5, 1, 0, Go, , 
11, 2, green, 2, 5, -2, Go, red, 5, 2, -2, Go, , 
11, 3, green, 3, 5, -4, Go, red, 5, 3, -4, Go, , 
11, 4, green, 4, 5, -6, Stop, red, 5, 4, -6, Stop, , 
11, 5, green, 4, 5, -8, Stop, red, 5, 4, -8, Stop, , 
11, 6, green, 4, 5, -10, Stop, red, 5, 4, -10, Stop, , 
11, 7, green, 4, 5, -12, Stop, red, 5, 4, -12, Stop, , 
11, 8, green, 4, 5, -14, Go, red, 5, 4, -14, Stop, , 
11, 9, green, 5, 5, -16, Go, red, 5, 4, -16, Go, , 
11, 10, green, 6, 5, -18, Go, red, 5, 5, -18, Go, , 
11, 11, green, 7, 5, -20, Go, red, 5, 6, -20, Go, , 
11, 12, green, 8, 5, -22, Go, red, 5, 7, -22, Go, , 
11, 13, green, 9, 5, -24, Exited, red, 5, 8, -24, Go, , 
11, 14, ,,,,, red, 5, 9, -26, Exited, , 


12, 1, green, 1, 5, 0, Go, red, 5, 1, 0, Go, , 
12, 2, green, 2, 5, -2, Go, red, 5, 2, -2, Stop, , 
12, 3, green, 3, 5, -4, Go, red, 5, 2, -4, Stop, , 
12, 4, green, 4, 5, -6, Stop, red, 5, 2, -6, Stop, , 
12, 5, green, 4, 5, -8, Go, red, 5, 2, -8, Stop, , 
12, 6, green, 5, 5, -10, Go, red, 5, 2, -10, Go, , 
12, 7, green, 6, 5, -12, Go, red, 5, 3, -12, Go, , 
12, 8, green, 7, 5, -14, Go, red, 5, 4, -14, Go, , 
12, 9, green, 8, 5, -16, Go, red, 5, 5, -16, Go, , 
12, 10, green, 9, 5, -18, Exited, red, 5, 6, -18, Go, , 
12, 11, ,,,,, red, 5, 7, -20, Go, , 
12, 12, ,,,,, red, 5, 8, -22, Go, , 
12, 13, ,,,,, red, 5, 9, -24, Exited, , 


13, 1, green, 1, 5, 0, Go, red, 5, 1, 0, Go, , 
13, 2, green, 2, 5, -2, Go, red, 5, 2, -2, Go, , 
13, 3, green, 3, 5, -4, Go, red, 5, 3, -4, Go, , 
13, 4, green, 4, 5, -6, Stop, red, 5, 4, -6, Stop, , 
13, 5, green, 4, 5, -8, Stop, red, 5, 4, -8, Stop, , 
13, 6, green, 4, 5, -10, Stop, red, 5, 4, -10, Stop, , 
13, 7, green, 4, 5, -12, Stop, red, 5, 4, -12, Stop, , 
13, 8, green, 4, 5, -14, Stop, red, 5, 4, -14, Stop, , 
13, 9, green, 4, 5, -16, Stop, red, 5, 4, -16, Stop, , 
13, 10, green, 4, 5, -18, Stop, red, 5, 4, -18, Stop, , 
13, 11, green, 4, 5, -20, Stop, red, 5, 4, -20, Stop, , 
13, 12, green, 4, 5, -22, Stop, red, 5, 4, -22, Stop, , 
13, 13, green, 4, 5, -24, Stop, red, 5, 4, -24, Stop, , 
13, 14, green, 4, 5, -26, Stop, red, 5, 4, -26, Go, , 
13, 15, green, 4, 5, -28, Stop, red, 5, 5, -28, Go, , 
13, 16, green, 4, 5, -30, Go, red, 5, 6, -30, Go, , 
13, 17, green, 5, 5, -32, Go, red, 5, 7, -32, Go, , 
13, 18, green, 6, 5, -34, Go, red, 5, 8, -34, Go, , 
13, 19, green, 7, 5, -36, Go, red, 5, 9, -36, Exited, , 
13, 20, green, 8, 5, -38, Go, ,,,,, , 
13, 21, green, 9, 5, -40, Exited, ,,,,, , 



14, 1, green, 1, 5, 0, Go, red, 5, 1, 0, Go, , 
14, 2, green, 2, 5, -2, Go, red, 5, 2, -2, Go, , 
14, 3, green, 3, 5, -4, Go, red, 5, 3, -4, Go, , 
14, 4, green, 4, 5, -6, Stop, red, 5, 4, -6, Stop, , 
14, 5, green, 4, 5, -8, Stop, red, 5, 4, -8, Stop, , 
14, 6, green, 4, 5, -10, Stop, red, 5, 4, -10, Stop, , 
14, 7, green, 4, 5, -12, Stop, red, 5, 4, -12, Stop, , 
14, 8, green, 4, 5, -14, Stop, red, 5, 4, -14, Stop, , 
14, 9, green, 4, 5, -16, Stop, red, 5, 4, -16, Stop, , 
14, 10, green, 4, 5, -18, Stop, red, 5, 4, -18, Stop, , 
14, 11, green, 4, 5, -20, Stop, red, 5, 4, -20, Stop, , 
14, 12, green, 4, 5, -22, Stop, red, 5, 4, -22, Stop, , 
14, 13, green, 4, 5, -24, Stop, red, 5, 4, -24, Stop, , 
14, 14, green, 4, 5, -26, Stop, red, 5, 4, -26, Stop, , 
14, 15, green, 4, 5, -28, Stop, red, 5, 4, -28, Stop, , 
14, 16, green, 4, 5, -30, Stop, red, 5, 4, -30, Stop, , 
14, 17, green, 4, 5, -32, Stop, red, 5, 4, -32, Go, , 
14, 18, green, 4, 5, -34, Stop, red, 5, 5, -34, Go, , 
14, 19, green, 4, 5, -36, Go, red, 5, 6, -36, Go, , 
14, 20, green, 5, 5, -38, Go, red, 5, 7, -38, Go, , 
14, 21, green, 6, 5, -40, Exited, red, 5, 8, -40, Exited, , 


15, 1, green, 1, 5, 0, Go, red, 5, 1, 0, Go, , 
15, 2, green, 2, 5, -2, Go, red, 5, 2, -2, Go, , 
15, 3, green, 3, 5, -4, Go, red, 5, 3, -4, Stop, , 
15, 4, green, 4, 5, -6, Stop, red, 5, 3, -6, Stop, , 
15, 5, green, 4, 5, -8, Stop, red, 5, 3, -8, Go, , 
15, 6, green, 4, 5, -10, Stop, red, 5, 4, -10, Stop, , 
15, 7, green, 4, 5, -12, Stop, red, 5, 4, -12, Stop, , 
15, 8, green, 4, 5, -14, Stop, red, 5, 4, -14, Stop, , 
15, 9, green, 4, 5, -16, Stop, red, 5, 4, -16, Stop, , 
15, 10, green, 4, 5, -18, Stop, red, 5, 4, -18, Stop, , 
15, 11, green, 4, 5, -20, Stop, red, 5, 4, -20, Stop, , 
15, 12, green, 4, 5, -22, Stop, red, 5, 4, -22, Stop, , 
15, 13, green, 4, 5, -24, Stop, red, 5, 4, -24, Stop, , 
15, 14, green, 4, 5, -26, Stop, red, 5, 4, -26, Go, , 
15, 15, green, 4, 5, -28, Stop, red, 5, 5, -28, Go, , 
15, 16, green, 4, 5, -30, Go, red, 5, 6, -30, Go, , 
15, 17, green, 5, 5, -32, Go, red, 5, 7, -32, Go, , 
15, 18, green, 6, 5, -34, Go, red, 5, 8, -34, Go, , 
15, 19, green, 7, 5, -36, Go, red, 5, 9, -36, Exited, , 
15, 20, green, 8, 5, -38, Go, ,,,,, , 
15, 21, green, 9, 5, -40, Exited, ,,,,, , 



16, 1, green, 1, 5, 0, Go, red, 5, 1, 0, Go, , 
16, 2, green, 2, 5, -2, Go, red, 5, 2, -2, Go, , 
16, 3, green, 3, 5, -4, Go, red, 5, 3, -4, Stop, , 
16, 4, green, 4, 5, -6, Stop, red, 5, 3, -6, Go, , 
16, 5, green, 4, 5, -8, Stop, red, 5, 4, -8, Stop, , 
16, 6, green, 4, 5, -10, Stop, red, 5, 4, -10, Stop, , 
16, 7, green, 4, 5, -12, Stop, red, 5, 4, -12, Stop, , 
16, 8, green, 4, 5, -14, Stop, red, 5, 4, -14, Stop, , 
16, 9, green, 4, 5, -16, Stop, red, 5, 4, -16, Stop, , 
16, 10, green, 4, 5, -18, Stop, red, 5, 4, -18, Stop, , 
16, 11, green, 4, 5, -20, Stop, red, 5, 4, -20, Stop, , 
16, 12, green, 4, 5, -22, Stop, red, 5, 4, -22, Stop, , 
16, 13, green, 4, 5, -24, Stop, red, 5, 4, -24, Go, , 
16, 14, green, 4, 5, -26, Stop, red, 5, 5, -26, Go, , 
16, 15, green, 4, 5, -28, Go, red, 5, 6, -28, Go, , 
16, 16, green, 5, 5, -30, Go, red, 5, 7, -30, Go, , 
16, 17, green, 6, 5, -32, Go, red, 5, 8, -32, Go, , 
16, 18, green, 7, 5, -34, Go, red, 5, 9, -34, Exited, , 
16, 19, green, 8, 5, -36, Go, ,,,,, , 
16, 20, green, 9, 5, -38, Exited, ,,,,, , 


17, 1, green, 1, 5, 0, Go, red, 5, 1, 0, Go, , 
17, 2, green, 2, 5, -2, Go, red, 5, 2, -2, Go, , 
17, 3, green, 3, 5, -4, Go, red, 5, 3, -4, Stop, , 
17, 4, green, 4, 5, -6, Stop, red, 5, 3, -6, Go, , 
17, 5, green, 4, 5, -8, Stop, red, 5, 4, -8, Stop, , 
17, 6, green, 4, 5, -10, Stop, red, 5, 4, -10, Stop, , 
17, 7, green, 4, 5, -12, Stop, red, 5, 4, -12, Stop, , 
17, 8, green, 4, 5, -14, Stop, red, 5, 4, -14, Stop, , 
17, 9, green, 4, 5, -16, Stop, red, 5, 4, -16, Stop, , 
17, 10, green, 4, 5, -18, Stop, red, 5, 4, -18, Stop, , 
17, 11, green, 4, 5, -20, Stop, red, 5, 4, -20, Stop, , 
17, 12, green, 4, 5, -22, Stop, red, 5, 4, -22, Stop, , 
17, 13, green, 4, 5, -24, Stop, red, 5, 4, -24, Go, , 
17, 14, green, 4, 5, -26, Stop, red, 5, 5, -26, Go, , 
17, 15, green, 4, 5, -28, Go, red, 5, 6, -28, Go, , 
17, 16, green, 5, 5, -30, Go, red, 5, 7, -30, Go, , 
17, 17, green, 6, 5, -32, Go, red, 5, 8, -32, Go, , 
17, 18, green, 7, 5, -34, Go, red, 5, 9, -34, Exited, , 
17, 19, green, 8, 5, -36, Go, ,,,,, , 
17, 20, green, 9, 5, -38, Exited, ,,,,, , 


18, 1, green, 1, 5, 0, Go, red, 5, 1, 0, Go, , 
18, 2, green, 2, 5, -2, Go, red, 5, 2, -2, Go, , 
18, 3, green, 3, 5, -4, Go, red, 5, 3, -4, Stop, , 
18, 4, green, 4, 5, -6, Stop, red, 5, 3, -6, Go, , 
18, 5, green, 4, 5, -8, Stop, red, 5, 4, -8, Stop, , 
18, 6, green, 4, 5, -10, Stop, red, 5, 4, -10, Stop, , 
18, 7, green, 4, 5, -12, Stop, red, 5, 4, -12, Stop, , 
18, 8, green, 4, 5, -14, Stop, red, 5, 4, -14, Stop, , 
18, 9, green, 4, 5, -16, Stop, red, 5, 4, -16, Stop, , 
18, 10, green, 4, 5, -18, Stop, red, 5, 4, -18, Stop, , 
18, 11, green, 4, 5, -20, Stop, red, 5, 4, -20, Stop, , 
18, 12, green, 4, 5, -22, Stop, red, 5, 4, -22, Stop, , 
18, 13, green, 4, 5, -24, Stop, red, 5, 4, -24, Stop, , 
18, 14, green, 4, 5, -26, Stop, red, 5, 4, -26, Stop, , 
18, 15, green, 4, 5, -28, Stop, red, 5, 4, -28, Stop, , 
18, 16, green, 4, 5, -30, Stop, red, 5, 4, -30, Stop, , 
18, 17, green, 4, 5, -32, Stop, red, 5, 4, -32, Stop, , 
18, 18, green, 4, 5, -34, Stop, red, 5, 4, -34, Stop, , 
18, 19, green, 4, 5, -36, Stop, red, 5, 4, -36, Stop, , 
18, 20, green, 4, 5, -38, Stop, red, 5, 4, -38, Go, , 
18, 21, green, 4, 5, -40, Exited, red, 5, 5, -40, Exited, , 


19, 1, green, 1, 5, 0, Go, red, 5, 1, 0, Go, , 
19, 2, green, 2, 5, -2, Go, red, 5, 2, -2, Stop, , 
19, 3, green, 3, 5, -4, Go, red, 5, 2, -4, Go, , 
19, 4, green, 4, 5, -6, Stop, red, 5, 3, -6, Go, , 
19, 5, green, 4, 5, -8, Stop, red, 5, 4, -8, Stop, , 
19, 6, green, 4, 5, -10, Stop, red, 5, 4, -10, Stop, , 
19, 7, green, 4, 5, -12, Stop, red, 5, 4, -12, Stop, , 
19, 8, green, 4, 5, -14, Stop, red, 5, 4, -14, Stop, , 
19, 9, green, 4, 5, -16, Stop, red, 5, 4, -16, Stop, , 
19, 10, green, 4, 5, -18, Stop, red, 5, 4, -18, Stop, , 
19, 11, green, 4, 5, -20, Stop, red, 5, 4, -20, Stop, , 
19, 12, green, 4, 5, -22, Stop, red, 5, 4, -22, Stop, , 
19, 13, green, 4, 5, -24, Stop, red, 5, 4, -24, Stop, , 
19, 14, green, 4, 5, -26, Stop, red, 5, 4, -26, Go, , 
19, 15, green, 4, 5, -28, Stop, red, 5, 5, -28, Go, , 
19, 16, green, 4, 5, -30, Go, red, 5, 6, -30, Go, , 
19, 17, green, 5, 5, -32, Go, red, 5, 7, -32, Go, , 
19, 18, green, 6, 5, -34, Go, red, 5, 8, -34, Go, , 
19, 19, green, 7, 5, -36, Go, red, 5, 9, -36, Exited, , 
19, 20, green, 8, 5, -38, Go, ,,,,, , 
19, 21, green, 9, 5, -40, Exited, ,,,,, , 



20, 1, green, 1, 5, 0, Go, red, 5, 1, 0, Go, , 
20, 2, green, 2, 5, -2, Go, red, 5, 2, -2, Go, , 
20, 3, green, 3, 5, -4, Go, red, 5, 3, -4, Stop, , 
20, 4, green, 4, 5, -6, Stop, red, 5, 3, -6, Go, , 
20, 5, green, 4, 5, -8, Stop, red, 5, 4, -8, Stop, , 
20, 6, green, 4, 5, -10, Stop, red, 5, 4, -10, Stop, , 
20, 7, green, 4, 5, -12, Stop, red, 5, 4, -12, Stop, , 
20, 8, green, 4, 5, -14, Stop, red, 5, 4, -14, Stop, , 
20, 9, green, 4, 5, -16, Stop, red, 5, 4, -16, Stop, , 
20, 10, green, 4, 5, -18, Stop, red, 5, 4, -18, Stop, , 
20, 11, green, 4, 5, -20, Stop, red, 5, 4, -20, Stop, , 
20, 12, green, 4, 5, -22, Stop, red, 5, 4, -22, Stop, , 
20, 13, green, 4, 5, -24, Stop, red, 5, 4, -24, Stop, , 
20, 14, green, 4, 5, -26, Stop, red, 5, 4, -26, Stop, , 
20, 15, green, 4, 5, -28, Stop, red, 5, 4, -28, Stop, , 
20, 16, green, 4, 5, -30, Stop, red, 5, 4, -30, Stop, , 
20, 17, green, 4, 5, -32, Stop, red, 5, 4, -32, Go, , 
20, 18, green, 4, 5, -34, Stop, red, 5, 5, -34, Go, , 
20, 19, green, 4, 5, -36, Go, red, 5, 6, -36, Go, , 
20, 20, green, 5, 5, -38, Go, red, 5, 7, -38, Go, , 
20, 21, green, 6, 5, -40, Exited, red, 5, 8, -40, Exited, , 


21, 1, green, 1, 5, 0, Go, red, 5, 1, 0, Go, , 
21, 2, green, 2, 5, -2, Go, red, 5, 2, -2, Stop, , 
21, 3, green, 3, 5, -4, Go, red, 5, 2, -4, Go, , 
21, 4, green, 4, 5, -6, Go, red, 5, 3, -6, Stop, , 
21, 5, green, 5, 5, -8, Go, red, 5, 3, -8, Go, , 
21, 6, green, 6, 5, -10, Go, red, 5, 4, -10, Go, , 
21, 7, green, 7, 5, -12, Go, red, 5, 5, -12, Go, , 
21, 8, green, 8, 5, -14, Go, red, 5, 6, -14, Go, , 
21, 9, green, 9, 5, -16, Exited, red, 5, 7, -16, Go, , 
21, 10, ,,,,, red, 5, 8, -18, Go, , 
21, 11, ,,,,, red, 5, 9, -20, Exited, , 


22, 1, green, 1, 5, 0, Go, red, 5, 1, 0, Go, , 
22, 2, green, 2, 5, -2, Go, red, 5, 2, -2, Go, , 
22, 3, green, 3, 5, -4, Go, red, 5, 3, -4, Stop, , 
22, 4, green, 4, 5, -6, Go, red, 5, 3, -6, Go, , 
22, 5, green, 5, 5, -8, Go, red, 5, 4, -8, Go, , 
22, 6, green, 6, 5, -10, Go, red, 5, 5, -10, Go, , 
22, 7, green, 7, 5, -12, Go, red, 5, 6, -12, Go, , 
22, 8, green, 8, 5, -14, Go, red, 5, 7, -14, Go, , 
22, 9, green, 9, 5, -16, Exited, red, 5, 8, -16, Go, , 
22, 10, ,,,,, red, 5, 9, -18, Exited, , 


23, 1, green, 1, 5, 0, Go, red, 5, 1, 0, Go, , 
23, 2, green, 2, 5, -2, Go, red, 5, 2, -2, Stop, , 
23, 3, green, 3, 5, -4, Go, red, 5, 2, -4, Stop, , 
23, 4, green, 4, 5, -6, Go, red, 5, 2, -6, Stop, , 
23, 5, green, 5, 5, -8, Go, red, 5, 2, -8, Go, , 
23, 6, green, 6, 5, -10, Go, red, 5, 3, -10, Go, , 
23, 7, green, 7, 5, -12, Go, red, 5, 4, -12, Go, , 
23, 8, green, 8, 5, -14, Go, red, 5, 5, -14, Go, , 
23, 9, green, 9, 5, -16, Exited, red, 5, 6, -16, Go, , 
23, 10, ,,,,, red, 5, 7, -18, Go, , 
23, 11, ,,,,, red, 5, 8, -20, Go, , 
23, 12, ,,,,, red, 5, 9, -22, Exited, , 


24, 1, green, 1, 5, 0, Go, red, 5, 1, 0, Go, , 
24, 2, green, 2, 5, -2, Go, red, 5, 2, -2, Go, , 
24, 3, green, 3, 5, -4, Go, red, 5, 3, -4, Stop, , 
24, 4, green, 4, 5, -6, Stop, red, 5, 3, -6, Go, , 
24, 5, green, 4, 5, -8, Stop, red, 5, 4, -8, Stop, , 
24, 6, green, 4, 5, -10, Stop, red, 5, 4, -10, Stop, , 
24, 7, green, 4, 5, -12, Stop, red, 5, 4, -12, Stop, , 
24, 8, green, 4, 5, -14, Stop, red, 5, 4, -14, Stop, , 
24, 9, green, 4, 5, -16, Stop, red, 5, 4, -16, Stop, , 
24, 10, green, 4, 5, -18, Stop, red, 5, 4, -18, Stop, , 
24, 11, green, 4, 5, -20, Stop, red, 5, 4, -20, Stop, , 
24, 12, green, 4, 5, -22, Stop, red, 5, 4, -22, Stop, , 
24, 13, green, 4, 5, -24, Stop, red, 5, 4, -24, Stop, , 
24, 14, green, 4, 5, -26, Stop, red, 5, 4, -26, Stop, , 
24, 15, green, 4, 5, -28, Stop, red, 5, 4, -28, Go, , 
24, 16, green, 4, 5, -30, Stop, red, 5, 5, -30, Go, , 
24, 17, green, 4, 5, -32, Go, red, 5, 6, -32, Go, , 
24, 18, green, 5, 5, -34, Go, red, 5, 7, -34, Go, , 
24, 19, green, 6, 5, -36, Go, red, 5, 8, -36, Go, , 
24, 20, green, 7, 5, -38, Go, red, 5, 9, -38, Exited, , 
24, 21, green, 8, 5, -40, Exited, ,,,,, , 


25, 1, green, 1, 5, 0, Go, red, 5, 1, 0, Go, , 
25, 2, green, 2, 5, -2, Go, red, 5, 2, -2, Go, , 
25, 3, green, 3, 5, -4, Go, red, 5, 3, -4, Stop, , 
25, 4, green, 4, 5, -6, Stop, red, 5, 3, -6, Go, , 
25, 5, green, 4, 5, -8, Stop, red, 5, 4, -8, Stop, , 
25, 6, green, 4, 5, -10, Stop, red, 5, 4, -10, Stop, , 
25, 7, green, 4, 5, -12, Stop, red, 5, 4, -12, Stop, , 
25, 8, green, 4, 5, -14, Stop, red, 5, 4, -14, Stop, , 
25, 9, green, 4, 5, -16, Go, red, 5, 4, -16, Stop, , 
25, 10, green, 5, 5, -18, Go, red, 5, 4, -18, Go, , 
25, 11, green, 6, 5, -20, Go, red, 5, 5, -20, Go, , 
25, 12, green, 7, 5, -22, Go, red, 5, 6, -22, Go, , 
25, 13, green, 8, 5, -24, Go, red, 5, 7, -24, Go, , 
25, 14, green, 9, 5, -26, Exited, red, 5, 8, -26, Go, , 
25, 15, ,,,,, red, 5, 9, -28, Exited, , 


26, 1, green, 1, 5, 0, Go, red, 5, 1, 0, Go, , 
26, 2, green, 2, 5, -2, Go, red, 5, 2, -2, Stop, , 
26, 3, green, 3, 5, -4, Go, red, 5, 2, -4, Go, , 
26, 4, green, 4, 5, -6, Stop, red, 5, 3, -6, Go, , 
26, 5, green, 4, 5, -8, Stop, red, 5, 4, -8, Stop, , 
26, 6, green, 4, 5, -10, Stop, red, 5, 4, -10, Stop, , 
26, 7, green, 4, 5, -12, Stop, red, 5, 4, -12, Stop, , 
26, 8, green, 4, 5, -14, Stop, red, 5, 4, -14, Stop, , 
26, 9, green, 4, 5, -16, Stop, red, 5, 4, -16, Stop, , 
26, 10, green, 4, 5, -18, Stop, red, 5, 4, -18, Stop, , 
26, 11, green, 4, 5, -20, Stop, red, 5, 4, -20, Stop, , 
26, 12, green, 4, 5, -22, Stop, red, 5, 4, -22, Stop, , 
26, 13, green, 4, 5, -24, Stop, red, 5, 4, -24, Stop, , 
26, 14, green, 4, 5, -26, Stop, red, 5, 4, -26, Go, , 
26, 15, green, 4, 5, -28, Stop, red, 5, 5, -28, Go, , 
26, 16, green, 4, 5, -30, Go, red, 5, 6, -30, Go, , 
26, 17, green, 5, 5, -32, Go, red, 5, 7, -32, Go, , 
26, 18, green, 6, 5, -34, Go, red, 5, 8, -34, Go, , 
26, 19, green, 7, 5, -36, Go, red, 5, 9, -36, Exited, , 
26, 20, green, 8, 5, -38, Go, ,,,,, , 
26, 21, green, 9, 5, -40, Exited, ,,,,, , 



27, 1, green, 1, 5, 0, Go, red, 5, 1, 0, Go, , 
27, 2, green, 2, 5, -2, Go, red, 5, 2, -2, Stop, , 
27, 3, green, 3, 5, -4, Go, red, 5, 2, -4, Go, , 
27, 4, green, 4, 5, -6, Stop, red, 5, 3, -6, Go, , 
27, 5, green, 4, 5, -8, Stop, red, 5, 4, -8, Stop, , 
27, 6, green, 4, 5, -10, Stop, red, 5, 4, -10, Stop, , 
27, 7, green, 4, 5, -12, Stop, red, 5, 4, -12, Stop, , 
27, 8, green, 4, 5, -14, Stop, red, 5, 4, -14, Stop, , 
27, 9, green, 4, 5, -16, Stop, red, 5, 4, -16, Stop, , 
27, 10, green, 4, 5, -18, Stop, red, 5, 4, -18, Stop, , 
27, 11, green, 4, 5, -20, Stop, red, 5, 4, -20, Stop, , 
27, 12, green, 4, 5, -22, Stop, red, 5, 4, -22, Stop, , 
27, 13, green, 4, 5, -24, Stop, red, 5, 4, -24, Stop, , 
27, 14, green, 4, 5, -26, Stop, red, 5, 4, -26, Stop, , 
27, 15, green, 4, 5, -28, Stop, red, 5, 4, -28, Stop, , 
27, 16, green, 4, 5, -30, Stop, red, 5, 4, -30, Stop, , 
27, 17, green, 4, 5, -32, Stop, red, 5, 4, -32, Stop, , 
27, 18, green, 4, 5, -34, Stop, red, 5, 4, -34, Stop, , 
27, 19, green, 4, 5, -36, Go, red, 5, 4, -36, Stop, , 
27, 20, green, 5, 5, -38, Go, red, 5, 4, -38, Go, , 
27, 21, green, 6, 5, -40, Exited, red, 5, 5, -40, Exited, , 


28, 1, green, 1, 5, 0, Go, red, 5, 1, 0, Go, , 
28, 2, green, 2, 5, -2, Go, red, 5, 2, -2, Stop, , 
28, 3, green, 3, 5, -4, Go, red, 5, 2, -4, Stop, , 
28, 4, green, 4, 5, -6, Go, red, 5, 2, -6, Go, , 
28, 5, green, 5, 5, -8, Go, red, 5, 3, -8, Go, , 
28, 6, green, 6, 5, -10, Go, red, 5, 4, -10, Go, , 
28, 7, green, 7, 5, -12, Go, red, 5, 5, -12, Go, , 
28, 8, green, 8, 5, -14, Go, red, 5, 6, -14, Go, , 
28, 9, green, 9, 5, -16, Exited, red, 5, 7, -16, Go, , 
28, 10, ,,,,, red, 5, 8, -18, Go, , 
28, 11, ,,,,, red, 5, 9, -20, Exited, , 


29, 1, green, 1, 5, 0, Go, red, 5, 1, 0, Go, , 
29, 2, green, 2, 5, -2, Go, red, 5, 2, -2, Stop, , 
29, 3, green, 3, 5, -4, Go, red, 5, 2, -4, Go, , 
29, 4, green, 4, 5, -6, Stop, red, 5, 3, -6, Go, , 
29, 5, green, 4, 5, -8, Stop, red, 5, 4, -8, Stop, , 
29, 6, green, 4, 5, -10, Stop, red, 5, 4, -10, Stop, , 
29, 7, green, 4, 5, -12, Stop, red, 5, 4, -12, Stop, , 
29, 8, green, 4, 5, -14, Stop, red, 5, 4, -14, Stop, , 
29, 9, green, 4, 5, -16, Stop, red, 5, 4, -16, Stop, , 
29, 10, green, 4, 5, -18, Stop, red, 5, 4, -18, Stop, , 
29, 11, green, 4, 5, -20, Stop, red, 5, 4, -20, Stop, , 
29, 12, green, 4, 5, -22, Stop, red, 5, 4, -22, Stop, , 
29, 13, green, 4, 5, -24, Stop, red, 5, 4, -24, Stop, , 
29, 14, green, 4, 5, -26, Stop, red, 5, 4, -26, Stop, , 
29, 15, green, 4, 5, -28, Stop, red, 5, 4, -28, Stop, , 
29, 16, green, 4, 5, -30, Stop, red, 5, 4, -30, Stop, , 
29, 17, green, 4, 5, -32, Stop, red, 5, 4, -32, Stop, , 
29, 18, green, 4, 5, -34, Stop, red, 5, 4, -34, Stop, , 
29, 19, green, 4, 5, -36, Go, red, 5, 4, -36, Stop, , 
29, 20, green, 5, 5, -38, Go, red, 5, 4, -38, Go, , 
29, 21, green, 6, 5, -40, Exited, red, 5, 5, -40, Exited, , 


30, 1, green, 1, 5, 0, Go, red, 5, 1, 0, Go, , 
30, 2, green, 2, 5, -2, Go, red, 5, 2, -2, Go, , 
30, 3, green, 3, 5, -4, Go, red, 5, 3, -4, Stop, , 
30, 4, green, 4, 5, -6, Stop, red, 5, 3, -6, Stop, , 
30, 5, green, 4, 5, -8, Stop, red, 5, 3, -8, Go, , 
30, 6, green, 4, 5, -10, Stop, red, 5, 4, -10, Stop, , 
30, 7, green, 4, 5, -12, Stop, red, 5, 4, -12, Stop, , 
30, 8, green, 4, 5, -14, Stop, red, 5, 4, -14, Stop, , 
30, 9, green, 4, 5, -16, Stop, red, 5, 4, -16, Stop, , 
30, 10, green, 4, 5, -18, Go, red, 5, 4, -18, Stop, , 
30, 11, green, 5, 5, -20, Go, red, 5, 4, -20, Go, , 
30, 12, green, 6, 5, -22, Go, red, 5, 5, -22, Go, , 
30, 13, green, 7, 5, -24, Go, red, 5, 6, -24, Go, , 
30, 14, green, 8, 5, -26, Go, red, 5, 7, -26, Go, , 
30, 15, green, 9, 5, -28, Exited, red, 5, 8, -28, Go, , 
30, 16, ,,,,, red, 5, 9, -30, Exited, , 


31, 1, green, 1, 5, 0, Go, red, 5, 1, 0, Go, , 
31, 2, green, 2, 5, -2, Go, red, 5, 2, -2, Stop, , 
31, 3, green, 3, 5, -4, Go, red, 5, 2, -4, Go, , 
31, 4, green, 4, 5, -6, Stop, red, 5, 3, -6, Stop, , 
31, 5, green, 4, 5, -8, Stop, red, 5, 3, -8, Go, , 
31, 6, green, 4, 5, -10, Stop, red, 5, 4, -10, Stop, , 
31, 7, green, 4, 5, -12, Stop, red, 5, 4, -12, Stop, , 
31, 8, green, 4, 5, -14, Stop, red, 5, 4, -14, Stop, , 
31, 9, green, 4, 5, -16, Stop, red, 5, 4, -16, Stop, , 
31, 10, green, 4, 5, -18, Stop, red, 5, 4, -18, Stop, , 
31, 11, green, 4, 5, -20, Stop, red, 5, 4, -20, Stop, , 
31, 12, green, 4, 5, -22, Stop, red, 5, 4, -22, Stop, , 
31, 13, green, 4, 5, -24, Stop, red, 5, 4, -24, Stop, , 
31, 14, green, 4, 5, -26, Stop, red, 5, 4, -26, Stop, , 
31, 15, green, 4, 5, -28, Stop, red, 5, 4, -28, Stop, , 
31, 16, green, 4, 5, -30, Stop, red, 5, 4, -30, Stop, , 
31, 17, green, 4, 5, -32, Stop, red, 5, 4, -32, Go, , 
31, 18, green, 4, 5, -34, Stop, red, 5, 5, -34, Go, , 
31, 19, green, 4, 5, -36, Go, red, 5, 6, -36, Go, , 
31, 20, green, 5, 5, -38, Go, red, 5, 7, -38, Go, , 
31, 21, green, 6, 5, -40, Exited, red, 5, 8, -40, Exited, , 


32, 1, green, 1, 5, 0, Go, red, 5, 1, 0, Go, , 
32, 2, green, 2, 5, -2, Go, red, 5, 2, -2, Stop, , 
32, 3, green, 3, 5, -4, Go, red, 5, 2, -4, Stop, , 
32, 4, green, 4, 5, -6, Go, red, 5, 2, -6, Go, , 
32, 5, green, 5, 5, -8, Go, red, 5, 3, -8, Go, , 
32, 6, green, 6, 5, -10, Go, red, 5, 4, -10, Stop, , 
32, 7, green, 7, 5, -12, Go, red, 5, 4, -12, Go, , 
32, 8, green, 8, 5, -14, Go, red, 5, 5, -14, Go, , 
32, 9, green, 9, 5, -16, Exited, red, 5, 6, -16, Go, , 
32, 10, ,,,,, red, 5, 7, -18, Go, , 
32, 11, ,,,,, red, 5, 8, -20, Go, , 
32, 12, ,,,,, red, 5, 9, -22, Exited, , 


33, 1, green, 1, 5, 0, Go, red, 5, 1, 0, Go, , 
33, 2, green, 2, 5, -2, Go, red, 5, 2, -2, Go, , 
33, 3, green, 3, 5, -4, Go, red, 5, 3, -4, Go, , 
33, 4, green, 4, 5, -6, Stop, red, 5, 4, -6, Stop, , 
33, 5, green, 4, 5, -8, Stop, red, 5, 4, -8, Stop, , 
33, 6, green, 4, 5, -10, Stop, red, 5, 4, -10, Stop, , 
33, 7, green, 4, 5, -12, Stop, red, 5, 4, -12, Stop, , 
33, 8, green, 4, 5, -14, Stop, red, 5, 4, -14, Stop, , 
33, 9, green, 4, 5, -16, Stop, red, 5, 4, -16, Stop, , 
33, 10, green, 4, 5, -18, Stop, red, 5, 4, -18, Stop, , 
33, 11, green, 4, 5, -20, Stop, red, 5, 4, -20, Stop, , 
33, 12, green, 4, 5, -22, Stop, red, 5, 4, -22, Stop, , 
33, 13, green, 4, 5, -24, Stop, red, 5, 4, -24, Stop, , 
33, 14, green, 4, 5, -26, Stop, red, 5, 4, -26, Go, , 
33, 15, green, 4, 5, -28, Stop, red, 5, 5, -28, Go, , 
33, 16, green, 4, 5, -30, Go, red, 5, 6, -30, Go, , 
33, 17, green, 5, 5, -32, Go, red, 5, 7, -32, Go, , 
33, 18, green, 6, 5, -34, Go, red, 5, 8, -34, Go, , 
33, 19, green, 7, 5, -36, Go, red, 5, 9, -36, Exited, , 
33, 20, green, 8, 5, -38, Go, ,,,,, , 
33, 21, green, 9, 5, -40, Exited, ,,,,, , 



34, 1, green, 1, 5, 0, Go, red, 5, 1, 0, Go, , 
34, 2, green, 2, 5, -2, Go, red, 5, 2, -2, Go, , 
34, 3, green, 3, 5, -4, Go, red, 5, 3, -4, Go, , 
34, 4, green, 4, 5, -6, Stop, red, 5, 4, -6, Stop, , 
34, 5, green, 4, 5, -8, Stop, red, 5, 4, -8, Stop, , 
34, 6, green, 4, 5, -10, Stop, red, 5, 4, -10, Stop, , 
34, 7, green, 4, 5, -12, Stop, red, 5, 4, -12, Stop, , 
34, 8, green, 4, 5, -14, Stop, red, 5, 4, -14, Stop, , 
34, 9, green, 4, 5, -16, Stop, red, 5, 4, -16, Stop, , 
34, 10, green, 4, 5, -18, Stop, red, 5, 4, -18, Stop, , 
34, 11, green, 4, 5, -20, Stop, red, 5, 4, -20, Stop, , 
34, 12, green, 4, 5, -22, Stop, red, 5, 4, -22, Stop, , 
34, 13, green, 4, 5, -24, Stop, red, 5, 4, -24, Stop, , 
34, 14, green, 4, 5, -26, Stop, red, 5, 4, -26, Go, , 
34, 15, green, 4, 5, -28, Stop, red, 5, 5, -28, Go, , 
34, 16, green, 4, 5, -30, Go, red, 5, 6, -30, Go, , 
34, 17, green, 5, 5, -32, Go, red, 5, 7, -32, Go, , 
34, 18, green, 6, 5, -34, Go, red, 5, 8, -34, Go, , 
34, 19, green, 7, 5, -36, Go, red, 5, 9, -36, Exited, , 
34, 20, green, 8, 5, -38, Go, ,,,,, , 
34, 21, green, 9, 5, -40, Exited, ,,,,, , 



35, 1, green, 1, 5, 0, Go, red, 5, 1, 0, Go, , 
35, 2, green, 2, 5, -2, Go, red, 5, 2, -2, Go, , 
35, 3, green, 3, 5, -4, Go, red, 5, 3, -4, Stop, , 
35, 4, green, 4, 5, -6, Stop, red, 5, 3, -6, Stop, , 
35, 5, green, 4, 5, -8, Stop, red, 5, 3, -8, Go, , 
35, 6, green, 4, 5, -10, Stop, red, 5, 4, -10, Stop, , 
35, 7, green, 4, 5, -12, Stop, red, 5, 4, -12, Stop, , 
35, 8, green, 4, 5, -14, Stop, red, 5, 4, -14, Stop, , 
35, 9, green, 4, 5, -16, Stop, red, 5, 4, -16, Stop, , 
35, 10, green, 4, 5, -18, Stop, red, 5, 4, -18, Stop, , 
35, 11, green, 4, 5, -20, Stop, red, 5, 4, -20, Stop, , 
35, 12, green, 4, 5, -22, Stop, red, 5, 4, -22, Stop, , 
35, 13, green, 4, 5, -24, Go, red, 5, 4, -24, Stop, , 
35, 14, green, 5, 5, -26, Go, red, 5, 4, -26, Go, , 
35, 15, green, 6, 5, -28, Go, red, 5, 5, -28, Go, , 
35, 16, green, 7, 5, -30, Go, red, 5, 6, -30, Go, , 
35, 17, green, 8, 5, -32, Go, red, 5, 7, -32, Go, , 
35, 18, green, 9, 5, -34, Exited, red, 5, 8, -34, Go, , 
35, 19, ,,,,, red, 5, 9, -36, Exited, , 


36, 1, green, 1, 5, 0, Go, red, 5, 1, 0, Go, , 
36, 2, green, 2, 5, -2, Go, red, 5, 2, -2, Go, , 
36, 3, green, 3, 5, -4, Go, red, 5, 3, -4, Stop, , 
36, 4, green, 4, 5, -6, Stop, red, 5, 3, -6, Go, , 
36, 5, green, 4, 5, -8, Stop, red, 5, 4, -8, Stop, , 
36, 6, green, 4, 5, -10, Stop, red, 5, 4, -10, Stop, , 
36, 7, green, 4, 5, -12, Stop, red, 5, 4, -12, Stop, , 
36, 8, green, 4, 5, -14, Stop, red, 5, 4, -14, Stop, , 
36, 9, green, 4, 5, -16, Stop, red, 5, 4, -16, Stop, , 
36, 10, green, 4, 5, -18, Go, red, 5, 4, -18, Stop, , 
36, 11, green, 5, 5, -20, Go, red, 5, 4, -20, Go, , 
36, 12, green, 6, 5, -22, Go, red, 5, 5, -22, Go, , 
36, 13, green, 7, 5, -24, Go, red, 5, 6, -24, Go, , 
36, 14, green, 8, 5, -26, Go, red, 5, 7, -26, Go, , 
36, 15, green, 9, 5, -28, Exited, red, 5, 8, -28, Go, , 
36, 16, ,,,,, red, 5, 9, -30, Exited, , 


37, 1, green, 1, 5, 0, Go, red, 5, 1, 0, Go, , 
37, 2, green, 2, 5, -2, Go, red, 5, 2, -2, Stop, , 
37, 3, green, 3, 5, -4, Go, red, 5, 2, -4, Go, , 
37, 4, green, 4, 5, -6, Stop, red, 5, 3, -6, Stop, , 
37, 5, green, 4, 5, -8, Stop, red, 5, 3, -8, Go, , 
37, 6, green, 4, 5, -10, Stop, red, 5, 4, -10, Stop, , 
37, 7, green, 4, 5, -12, Stop, red, 5, 4, -12, Stop, , 
37, 8, green, 4, 5, -14, Stop, red, 5, 4, -14, Stop, , 
37, 9, green, 4, 5, -16, Stop, red, 5, 4, -16, Stop, , 
37, 10, green, 4, 5, -18, Stop, red, 5, 4, -18, Stop, , 
37, 11, green, 4, 5, -20, Stop, red, 5, 4, -20, Stop, , 
37, 12, green, 4, 5, -22, Stop, red, 5, 4, -22, Stop, , 
37, 13, green, 4, 5, -24, Stop, red, 5, 4, -24, Stop, , 
37, 14, green, 4, 5, -26, Stop, red, 5, 4, -26, Stop, , 
37, 15, green, 4, 5, -28, Stop, red, 5, 4, -28, Stop, , 
37, 16, green, 4, 5, -30, Stop, red, 5, 4, -30, Stop, , 
37, 17, green, 4, 5, -32, Go, red, 5, 4, -32, Go, , 
37, 18, green, 5, 5, -39, Crashed, red, 5, 5, -39, Crashed, , 



38, 1, green, 1, 5, 0, Go, red, 5, 1, 0, Go, , 
38, 2, green, 2, 5, -2, Go, red, 5, 2, -2, Go, , 
38, 3, green, 3, 5, -4, Go, red, 5, 3, -4, Stop, , 
38, 4, green, 4, 5, -6, Stop, red, 5, 3, -6, Stop, , 
38, 5, green, 4, 5, -8, Stop, red, 5, 3, -8, Go, , 
38, 6, green, 4, 5, -10, Stop, red, 5, 4, -10, Stop, , 
38, 7, green, 4, 5, -12, Stop, red, 5, 4, -12, Stop, , 
38, 8, green, 4, 5, -14, Stop, red, 5, 4, -14, Stop, , 
38, 9, green, 4, 5, -16, Stop, red, 5, 4, -16, Stop, , 
38, 10, green, 4, 5, -18, Stop, red, 5, 4, -18, Stop, , 
38, 11, green, 4, 5, -20, Stop, red, 5, 4, -20, Stop, , 
38, 12, green, 4, 5, -22, Stop, red, 5, 4, -22, Stop, , 
38, 13, green, 4, 5, -24, Stop, red, 5, 4, -24, Stop, , 
38, 14, green, 4, 5, -26, Stop, red, 5, 4, -26, Stop, , 
38, 15, green, 4, 5, -28, Stop, red, 5, 4, -28, Stop, , 
38, 16, green, 4, 5, -30, Stop, red, 5, 4, -30, Stop, , 
38, 17, green, 4, 5, -32, Stop, red, 5, 4, -32, Stop, , 
38, 18, green, 4, 5, -34, Stop, red, 5, 4, -34, Go, , 
38, 19, green, 4, 5, -36, Stop, red, 5, 5, -36, Go, , 
38, 20, green, 4, 5, -38, Go, red, 5, 6, -38, Go, , 
38, 21, green, 5, 5, -40, Exited, red, 5, 7, -40, Exited, , 


39, 1, green, 1, 5, 0, Go, red, 5, 1, 0, Go, , 
39, 2, green, 2, 5, -2, Go, red, 5, 2, -2, Go, , 
39, 3, green, 3, 5, -4, Go, red, 5, 3, -4, Go, , 
39, 4, green, 4, 5, -6, Stop, red, 5, 4, -6, Stop, , 
39, 5, green, 4, 5, -8, Stop, red, 5, 4, -8, Stop, , 
39, 6, green, 4, 5, -10, Stop, red, 5, 4, -10, Stop, , 
39, 7, green, 4, 5, -12, Stop, red, 5, 4, -12, Stop, , 
39, 8, green, 4, 5, -14, Stop, red, 5, 4, -14, Stop, , 
39, 9, green, 4, 5, -16, Stop, red, 5, 4, -16, Stop, , 
39, 10, green, 4, 5, -18, Stop, red, 5, 4, -18, Stop, , 
39, 11, green, 4, 5, -20, Stop, red, 5, 4, -20, Stop, , 
39, 12, green, 4, 5, -22, Stop, red, 5, 4, -22, Stop, , 
39, 13, green, 4, 5, -24, Stop, red, 5, 4, -24, Stop, , 
39, 14, green, 4, 5, -26, Stop, red, 5, 4, -26, Stop, , 
39, 15, green, 4, 5, -28, Stop, red, 5, 4, -28, Go, , 
39, 16, green, 4, 5, -30, Stop, red, 5, 5, -30, Go, , 
39, 17, green, 4, 5, -32, Go, red, 5, 6, -32, Go, , 
39, 18, green, 5, 5, -34, Go, red, 5, 7, -34, Go, , 
39, 19, green, 6, 5, -36, Go, red, 5, 8, -36, Go, , 
39, 20, green, 7, 5, -38, Go, red, 5, 9, -38, Exited, , 
39, 21, green, 8, 5, -40, Exited, ,,,,, , 


40, 1, green, 1, 5, 0, Go, red, 5, 1, 0, Go, , 
40, 2, green, 2, 5, -2, Go, red, 5, 2, -2, Go, , 
40, 3, green, 3, 5, -4, Go, red, 5, 3, -4, Stop, , 
40, 4, green, 4, 5, -6, Stop, red, 5, 3, -6, Stop, , 
40, 5, green, 4, 5, -8, Go, red, 5, 3, -8, Stop, , 
40, 6, green, 5, 5, -10, Go, red, 5, 3, -10, Go, , 
40, 7, green, 6, 5, -12, Go, red, 5, 4, -12, Go, , 
40, 8, green, 7, 5, -14, Go, red, 5, 5, -14, Go, , 
40, 9, green, 8, 5, -16, Go, red, 5, 6, -16, Go, , 
40, 10, green, 9, 5, -18, Exited, red, 5, 7, -18, Go, , 
40, 11, ,,,,, red, 5, 8, -20, Go, , 
40, 12, ,,,,, red, 5, 9, -22, Exited, , 


41, 1, green, 1, 5, 0, Go, red, 5, 1, 0, Go, , 
41, 2, green, 2, 5, -2, Go, red, 5, 2, -2, Go, , 
41, 3, green, 3, 5, -4, Go, red, 5, 3, -4, Stop, , 
41, 4, green, 4, 5, -6, Stop, red, 5, 3, -6, Go, , 
41, 5, green, 4, 5, -8, Stop, red, 5, 4, -8, Stop, , 
41, 6, green, 4, 5, -10, Stop, red, 5, 4, -10, Stop, , 
41, 7, green, 4, 5, -12, Stop, red, 5, 4, -12, Stop, , 
41, 8, green, 4, 5, -14, Stop, red, 5, 4, -14, Stop, , 
41, 9, green, 4, 5, -16, Stop, red, 5, 4, -16, Stop, , 
41, 10, green, 4, 5, -18, Stop, red, 5, 4, -18, Stop, , 
41, 11, green, 4, 5, -20, Stop, red, 5, 4, -20, Stop, , 
41, 12, green, 4, 5, -22, Stop, red, 5, 4, -22, Stop, , 
41, 13, green, 4, 5, -24, Stop, red, 5, 4, -24, Stop, , 
41, 14, green, 4, 5, -26, Stop, red, 5, 4, -26, Stop, , 
41, 15, green, 4, 5, -28, Stop, red, 5, 4, -28, Stop, , 
41, 16, green, 4, 5, -30, Stop, red, 5, 4, -30, Stop, , 
41, 17, green, 4, 5, -32, Stop, red, 5, 4, -32, Stop, , 
41, 18, green, 4, 5, -34, Stop, red, 5, 4, -34, Stop, , 
41, 19, green, 4, 5, -36, Stop, red, 5, 4, -36, Stop, , 
41, 20, green, 4, 5, -38, Stop, red, 5, 4, -38, Stop, , 
41, 21, green, 4, 5, -40, Exited, red, 5, 4, -40, Exited, , 


42, 1, green, 1, 5, 0, Go, red, 5, 1, 0, Go, , 
42, 2, green, 2, 5, -2, Go, red, 5, 2, -2, Stop, , 
42, 3, green, 3, 5, -4, Go, red, 5, 2, -4, Go, , 
42, 4, green, 4, 5, -6, Go, red, 5, 3, -6, Stop, , 
42, 5, green, 5, 5, -8, Go, red, 5, 3, -8, Go, , 
42, 6, green, 6, 5, -10, Go, red, 5, 4, -10, Stop, , 
42, 7, green, 7, 5, -12, Go, red, 5, 4, -12, Go, , 
42, 8, green, 8, 5, -14, Go, red, 5, 5, -14, Go, , 
42, 9, green, 9, 5, -16, Exited, red, 5, 6, -16, Go, , 
42, 10, ,,,,, red, 5, 7, -18, Go, , 
42, 11, ,,,,, red, 5, 8, -20, Go, , 
42, 12, ,,,,, red, 5, 9, -22, Exited, , 


43, 1, green, 1, 5, 0, Go, red, 5, 1, 0, Go, , 
43, 2, green, 2, 5, -2, Go, red, 5, 2, -2, Go, , 
43, 3, green, 3, 5, -4, Go, red, 5, 3, -4, Go, , 
43, 4, green, 4, 5, -6, Stop, red, 5, 4, -6, Stop, , 
43, 5, green, 4, 5, -8, Stop, red, 5, 4, -8, Stop, , 
43, 6, green, 4, 5, -10, Stop, red, 5, 4, -10, Stop, , 
43, 7, green, 4, 5, -12, Stop, red, 5, 4, -12, Stop, , 
43, 8, green, 4, 5, -14, Stop, red, 5, 4, -14, Stop, , 
43, 9, green, 4, 5, -16, Stop, red, 5, 4, -16, Stop, , 
43, 10, green, 4, 5, -18, Stop, red, 5, 4, -18, Stop, , 
43, 11, green, 4, 5, -20, Stop, red, 5, 4, -20, Stop, , 
43, 12, green, 4, 5, -22, Stop, red, 5, 4, -22, Stop, , 
43, 13, green, 4, 5, -24, Stop, red, 5, 4, -24, Stop, , 
43, 14, green, 4, 5, -26, Stop, red, 5, 4, -26, Go, , 
43, 15, green, 4, 5, -28, Stop, red, 5, 5, -28, Go, , 
43, 16, green, 4, 5, -30, Go, red, 5, 6, -30, Go, , 
43, 17, green, 5, 5, -32, Go, red, 5, 7, -32, Go, , 
43, 18, green, 6, 5, -34, Go, red, 5, 8, -34, Go, , 
43, 19, green, 7, 5, -36, Go, red, 5, 9, -36, Exited, , 
43, 20, green, 8, 5, -38, Go, ,,,,, , 
43, 21, green, 9, 5, -40, Exited, ,,,,, , 



44, 1, green, 1, 5, 0, Go, red, 5, 1, 0, Go, , 
44, 2, green, 2, 5, -2, Go, red, 5, 2, -2, Stop, , 
44, 3, green, 3, 5, -4, Go, red, 5, 2, -4, Go, , 
44, 4, green, 4, 5, -6, Stop, red, 5, 3, -6, Stop, , 
44, 5, green, 4, 5, -8, Stop, red, 5, 3, -8, Go, , 
44, 6, green, 4, 5, -10, Stop, red, 5, 4, -10, Stop, , 
44, 7, green, 4, 5, -12, Stop, red, 5, 4, -12, Stop, , 
44, 8, green, 4, 5, -14, Stop, red, 5, 4, -14, Stop, , 
44, 9, green, 4, 5, -16, Go, red, 5, 4, -16, Stop, , 
44, 10, green, 5, 5, -18, Go, red, 5, 4, -18, Go, , 
44, 11, green, 6, 5, -20, Go, red, 5, 5, -20, Go, , 
44, 12, green, 7, 5, -22, Go, red, 5, 6, -22, Go, , 
44, 13, green, 8, 5, -24, Go, red, 5, 7, -24, Go, , 
44, 14, green, 9, 5, -26, Exited, red, 5, 8, -26, Go, , 
44, 15, ,,,,, red, 5, 9, -28, Exited, , 


45, 1, green, 1, 5, 0, Go, red, 5, 1, 0, Go, , 
45, 2, green, 2, 5, -2, Go, red, 5, 2, -2, Go, , 
45, 3, green, 3, 5, -4, Go, red, 5, 3, -4, Go, , 
45, 4, green, 4, 5, -6, Stop, red, 5, 4, -6, Stop, , 
45, 5, green, 4, 5, -8, Stop, red, 5, 4, -8, Stop, , 
45, 6, green, 4, 5, -10, Stop, red, 5, 4, -10, Stop, , 
45, 7, green, 4, 5, -12, Stop, red, 5, 4, -12, Stop, , 
45, 8, green, 4, 5, -14, Stop, red, 5, 4, -14, Stop, , 
45, 9, green, 4, 5, -16, Stop, red, 5, 4, -16, Stop, , 
45, 10, green, 4, 5, -18, Stop, red, 5, 4, -18, Stop, , 
45, 11, green, 4, 5, -20, Stop, red, 5, 4, -20, Stop, , 
45, 12, green, 4, 5, -22, Stop, red, 5, 4, -22, Stop, , 
45, 13, green, 4, 5, -24, Stop, red, 5, 4, -24, Stop, , 
45, 14, green, 4, 5, -26, Stop, red, 5, 4, -26, Stop, , 
45, 15, green, 4, 5, -28, Stop, red, 5, 4, -28, Stop, , 
45, 16, green, 4, 5, -30, Stop, red, 5, 4, -30, Stop, , 
45, 17, green, 4, 5, -32, Stop, red, 5, 4, -32, Stop, , 
45, 18, green, 4, 5, -34, Stop, red, 5, 4, -34, Stop, , 
45, 19, green, 4, 5, -36, Stop, red, 5, 4, -36, Stop, , 
45, 20, green, 4, 5, -38, Stop, red, 5, 4, -38, Stop, , 
45, 21, green, 4, 5, -40, Exited, red, 5, 4, -40, Exited, , 


46, 1, green, 1, 5, 0, Go, red, 5, 1, 0, Go, , 
46, 2, green, 2, 5, -2, Go, red, 5, 2, -2, Stop, , 
46, 3, green, 3, 5, -4, Go, red, 5, 2, -4, Go, , 
46, 4, green, 4, 5, -6, Stop, red, 5, 3, -6, Stop, , 
46, 5, green, 4, 5, -8, Go, red, 5, 3, -8, Stop, , 
46, 6, green, 5, 5, -10, Go, red, 5, 3, -10, Go, , 
46, 7, green, 6, 5, -12, Go, red, 5, 4, -12, Go, , 
46, 8, green, 7, 5, -14, Go, red, 5, 5, -14, Go, , 
46, 9, green, 8, 5, -16, Go, red, 5, 6, -16, Go, , 
46, 10, green, 9, 5, -18, Exited, red, 5, 7, -18, Go, , 
46, 11, ,,,,, red, 5, 8, -20, Go, , 
46, 12, ,,,,, red, 5, 9, -22, Exited, , 


47, 1, green, 1, 5, 0, Go, red, 5, 1, 0, Go, , 
47, 2, green, 2, 5, -2, Go, red, 5, 2, -2, Stop, , 
47, 3, green, 3, 5, -4, Go, red, 5, 2, -4, Go, , 
47, 4, green, 4, 5, -6, Stop, red, 5, 3, -6, Stop, , 
47, 5, green, 4, 5, -8, Stop, red, 5, 3, -8, Stop, , 
47, 6, green, 4, 5, -10, Stop, red, 5, 3, -10, Stop, , 
47, 7, green, 4, 5, -12, Stop, red, 5, 3, -12, Go, , 
47, 8, green, 4, 5, -14, Stop, red, 5, 4, -14, Stop, , 
47, 9, green, 4, 5, -16, Stop, red, 5, 4, -16, Stop, , 
47, 10, green, 4, 5, -18, Stop, red, 5, 4, -18, Stop, , 
47, 11, green, 4, 5, -20, Stop, red, 5, 4, -20, Stop, , 
47, 12, green, 4, 5, -22, Stop, red, 5, 4, -22, Stop, , 
47, 13, green, 4, 5, -24, Stop, red, 5, 4, -24, Stop, , 
47, 14, green, 4, 5, -26, Stop, red, 5, 4, -26, Stop, , 
47, 15, green, 4, 5, -28, Stop, red, 5, 4, -28, Go, , 
47, 16, green, 4, 5, -30, Stop, red, 5, 5, -30, Go, , 
47, 17, green, 4, 5, -32, Go, red, 5, 6, -32, Go, , 
47, 18, green, 5, 5, -34, Go, red, 5, 7, -34, Go, , 
47, 19, green, 6, 5, -36, Go, red, 5, 8, -36, Go, , 
47, 20, green, 7, 5, -38, Go, red, 5, 9, -38, Exited, , 
47, 21, green, 8, 5, -40, Exited, ,,,,, , 


48, 1, green, 1, 5, 0, Go, red, 5, 1, 0, Go, , 
48, 2, green, 2, 5, -2, Go, red, 5, 2, -2, Go, , 
48, 3, green, 3, 5, -4, Go, red, 5, 3, -4, Stop, , 
48, 4, green, 4, 5, -6, Stop, red, 5, 3, -6, Go, , 
48, 5, green, 4, 5, -8, Stop, red, 5, 4, -8, Stop, , 
48, 6, green, 4, 5, -10, Stop, red, 5, 4, -10, Stop, , 
48, 7, green, 4, 5, -12, Stop, red, 5, 4, -12, Stop, , 
48, 8, green, 4, 5, -14, Stop, red, 5, 4, -14, Stop, , 
48, 9, green, 4, 5, -16, Stop, red, 5, 4, -16, Stop, , 
48, 10, green, 4, 5, -18, Go, red, 5, 4, -18, Stop, , 
48, 11, green, 5, 5, -20, Go, red, 5, 4, -20, Go, , 
48, 12, green, 6, 5, -22, Go, red, 5, 5, -22, Go, , 
48, 13, green, 7, 5, -24, Go, red, 5, 6, -24, Go, , 
48, 14, green, 8, 5, -26, Go, red, 5, 7, -26, Go, , 
48, 15, green, 9, 5, -28, Exited, red, 5, 8, -28, Go, , 
48, 16, ,,,,, red, 5, 9, -30, Exited, , 


49, 1, green, 1, 5, 0, Go, red, 5, 1, 0, Go, , 
49, 2, green, 2, 5, -2, Go, red, 5, 2, -2, Go, , 
49, 3, green, 3, 5, -4, Go, red, 5, 3, -4, Stop, , 
49, 4, green, 4, 5, -6, Stop, red, 5, 3, -6, Go, , 
49, 5, green, 4, 5, -8, Stop, red, 5, 4, -8, Stop, , 
49, 6, green, 4, 5, -10, Stop, red, 5, 4, -10, Stop, , 
49, 7, green, 4, 5, -12, Stop, red, 5, 4, -12, Stop, , 
49, 8, green, 4, 5, -14, Stop, red, 5, 4, -14, Stop, , 
49, 9, green, 4, 5, -16, Stop, red, 5, 4, -16, Stop, , 
49, 10, green, 4, 5, -18, Stop, red, 5, 4, -18, Stop, , 
49, 11, green, 4, 5, -20, Stop, red, 5, 4, -20, Stop, , 
49, 12, green, 4, 5, -22, Stop, red, 5, 4, -22, Stop, , 
49, 13, green, 4, 5, -24, Stop, red, 5, 4, -24, Stop, , 
49, 14, green, 4, 5, -26, Stop, red, 5, 4, -26, Go, , 
49, 15, green, 4, 5, -28, Stop, red, 5, 5, -28, Go, , 
49, 16, green, 4, 5, -30, Go, red, 5, 6, -30, Go, , 
49, 17, green, 5, 5, -32, Go, red, 5, 7, -32, Go, , 
49, 18, green, 6, 5, -34, Go, red, 5, 8, -34, Go, , 
49, 19, green, 7, 5, -36, Go, red, 5, 9, -36, Exited, , 
49, 20, green, 8, 5, -38, Go, ,,,,, , 
49, 21, green, 9, 5, -40, Exited, ,,,,, , 



50, 1, green, 1, 5, 0, Go, red, 5, 1, 0, Go, , 
50, 2, green, 2, 5, -2, Go, red, 5, 2, -2, Stop, , 
50, 3, green, 3, 5, -4, Go, red, 5, 2, -4, Stop, , 
50, 4, green, 4, 5, -6, Go, red, 5, 2, -6, Stop, , 
50, 5, green, 5, 5, -8, Go, red, 5, 2, -8, Go, , 
50, 6, green, 6, 5, -10, Go, red, 5, 3, -10, Go, , 
50, 7, green, 7, 5, -12, Go, red, 5, 4, -12, Go, , 
50, 8, green, 8, 5, -14, Go, red, 5, 5, -14, Go, , 
50, 9, green, 9, 5, -16, Exited, red, 5, 6, -16, Go, , 
50, 10, ,,,,, red, 5, 7, -18, Go, , 
50, 11, ,,,,, red, 5, 8, -20, Go, , 
50, 12, ,,,,, red, 5, 9, -22, Exited, , 


